{"data": [{"ObjectIdentifier": "S-1-5-21-1392491010-1358638721-2126982587", "Properties": {"name": "TOMBWATCHER.HTB", "domain": "TOMBWATCHER.HTB", "domainsid": "S-1-5-21-1392491010-1358638721-2126982587", "distinguishedname": "DC=TOMBWATCHER,DC=HTB", "description": "", "functionallevel": "2016", "highvalue": true, "isaclprotected": false, "collected": true, "whencreated": 1731715295}, "Trusts": [], "Aces": [{"RightName": "Owns", "IsInherited": false, "PrincipalSID": "TOMBWATCHER.HTB-S-1-5-32-544", "PrincipalType": "Group"}, {"RightName": "GetChanges", "IsInherited": false, "PrincipalSID": "S-1-5-21-1392491010-1358638721-2126982587-498", "PrincipalType": "Group"}, {"RightName": "GetChangesAll", "IsInherited": false, "PrincipalSID": "S-1-5-21-1392491010-1358638721-2126982587-516", "PrincipalType": "Group"}, {"RightName": "GetChangesInFilteredSet", "IsInherited": false, "PrincipalSID": "TOMBWATCHER.HTB-S-1-5-32-544", "PrincipalType": "Group"}, {"RightName": "GetChanges", "IsInherited": false, "PrincipalSID": "TOMBWATCHER.HTB-S-1-5-32-544", "PrincipalType": "Group"}, {"RightName": "GetChangesAll", "IsInherited": false, "PrincipalSID": "TOMBWATCHER.HTB-S-1-5-32-544", "PrincipalType": "Group"}, {"RightName": "GetChangesInFilteredSet", "IsInherited": false, "PrincipalSID": "TOMBWATCHER.HTB-S-1-5-9", "PrincipalType": "Group"}, {"RightName": "GetChanges", "IsInherited": false, "PrincipalSID": "TOMBWATCHER.HTB-S-1-5-9", "PrincipalType": "Group"}, {"RightName": "WriteOwner", "IsInherited": false, "PrincipalSID": "S-1-5-21-1392491010-1358638721-2126982587-512", "PrincipalType": "Group"}, {"RightName": "AllExtendedRights", "IsInherited": false, "PrincipalSID": "S-1-5-21-1392491010-1358638721-2126982587-512", "PrincipalType": "Group"}, {"RightName": "WriteDacl", "IsInherited": false, "PrincipalSID": "S-1-5-21-1392491010-1358638721-2126982587-512", "PrincipalType": "Group"}, {"RightName": "GenericAll", "IsInherited": false, "PrincipalSID": "S-1-5-21-1392491010-1358638721-2126982587-519", "PrincipalType": "Group"}, {"RightName": "WriteOwner", "IsInherited": false, "PrincipalSID": "TOMBWATCHER.HTB-S-1-5-32-544", "PrincipalType": "Group"}, {"RightName": "AllExtendedRights", "IsInherited": false, "PrincipalSID": "TOMBWATCHER.HTB-S-1-5-32-544", "PrincipalType": "Group"}, {"RightName": "WriteDacl", "IsInherited": false, "PrincipalSID": "TOMBWATCHER.HTB-S-1-5-32-544", "PrincipalType": "Group"}], "Links": [{"IsEnforced": false, "GUID": "E830FB4F-9F18-4B49-AF0A-7922DCEE61F4"}], "ChildObjects": [{"ObjectIdentifier": "61408B11-4F9B-4084-9D31-CAFAEC87C15E", "ObjectType": "Container"}, {"ObjectIdentifier": "D5B24F30-6903-49FC-B6E8-2CF9475937B8", "ObjectType": "Container"}, {"ObjectIdentifier": "3AFEF36C-1C46-49C6-B0B7-0CFD7174E964", "ObjectType": "Container"}, {"ObjectIdentifier": "35822152-0800-46B6-82BD-45C7897CCB62", "ObjectType": "OU"}, {"ObjectIdentifier": "8104BCFC-7962-4A48-A240-E771F03A8D45", "ObjectType": "Container"}, {"ObjectIdentifier": "BE54CC4B-F7F3-4069-9085-18D905FF7A31", "ObjectType": "OU"}], "GPOChanges": {"AffectedComputers": [], "DcomUsers": [], "LocalAdmins": [], "PSRemoteUsers": [], "RemoteDesktopUsers": []}, "IsDeleted": false, "IsACLProtected": false}], "meta": {"type": "domains", "count": 1, "version": 6}}